FIRST_NAME,LAST_NAME,SOCIAL_SEC,GENDER,BIRTH_DATE,ST_ADDR_1,ST_ADDR_2,ZIP,WEIGHT,HEIGHT,SMOKER,TREATMENT,TREAT_SUCCESS,OVERALL_OUTCOME
Delphia,Koss,a2bf7792-b6df-4dc5-91f0-9dff047a25be,Androgynous,Mon Jul 26 2021 09:05:21 GMT-0400 (Eastern Daylight Time),727 Stark Center,568 Eladio Rue,74647-0333,212,62,1,1,0,58
Gust,Abshire,dc166d5c-ce41-4a36-bf19-eb3147954cae,T* woman,Mon Nov 09 2020 19:56:11 GMT-0500 (Eastern Standard Time),342 Herta Forges,403 Victor Dam,69829,195,60,0,4,0,11
Ivah,Ebert,0ce3671b-2b01-430b-a312-11bec8a2e53e,Cis Woman,Thu Jan 21 2021 07:41:42 GMT-0500 (Eastern Standard Time),61440 Zora Circle,572 Tate Canyon,33036,162,81,0,4,0,17
Guido,Jacobs,c8c697cf-44c1-4374-9952-7bf2840f9522,F2M,Wed Sep 30 2020 20:05:28 GMT-0400 (Eastern Daylight Time),420 Schroeder Villages,4138 Wyman Coves,82406,227,64,0,0,0,28
Johnson,O'Keefe,010eec77-1d6d-49f4-ab03-debc39f93ec5,Cisgender,Fri Jan 01 2021 22:20:33 GMT-0500 (Eastern Standard Time),5292 Walter Springs,28830 O'Conner Club,82848-1343,104,62,0,2,0,46
Cruz,Farrell,6d93f0e3-7285-4277-b700-30e901f66f70,Trans*Male,Thu Apr 08 2021 08:55:41 GMT-0400 (Eastern Daylight Time),447 Zachariah Crossing,18759 Eliseo Villages,37026,143,61,0,1,1,41
Alba,Balistreri,265c1f67-6607-4b63-b7a6-c65399c9a11d,MTF,Fri Apr 30 2021 12:39:23 GMT-0400 (Eastern Daylight Time),0363 Geovany Manors,94256 Hamill Place,38105,219,77,0,3,1,22
Joany,Haley,a0ac9d0e-0049-48b0-9588-11f14188d15d,Intersex person,Wed Mar 24 2021 13:34:04 GMT-0400 (Eastern Daylight Time),0779 Bette Spring,85367 Norris Islands,42128,124,78,1,2,1,81
Aurelie,Quitzon,7337fdd4-eaf9-412b-bd92-f43e95144921,M2F,Sat May 01 2021 02:27:41 GMT-0400 (Eastern Daylight Time),71397 Kemmer Tunnel,5200 Gonzalo Turnpike,09316-3740,161,88,0,3,1,34
Horacio,Dooley,75cd36a1-abe1-4984-afe8-c64ff7bb32b7,Trans*Person,Tue Jun 15 2021 12:35:24 GMT-0400 (Eastern Daylight Time),694 Eliezer Ferry,7167 O'Keefe Track,13746,143,85,0,2,1,3
Alvina,Sanford,0d20de67-fab5-42b1-a370-ead3d24d34c6,Trans Person,Tue Nov 17 2020 21:09:38 GMT-0500 (Eastern Standard Time),3506 Dariana Rue,228 Tatyana Brooks,77929-7043,234,79,1,0,0,70
Asa,Harber,8e7dc02c-85e6-4368-8ad6-8e7dde41461f,Other,Sun Jan 31 2021 20:10:28 GMT-0500 (Eastern Standard Time),95827 Carlie Stream,8099 Linnea Motorway,69812-1074,231,73,1,4,1,49
Tatyana,Gerlach,4d3b03b7-c374-4a58-a945-c1727ba522fb,Transmasculine,Fri Jul 23 2021 23:29:41 GMT-0400 (Eastern Daylight Time),5257 Rempel Rest,706 Liana Ridges,31426,113,75,0,2,0,28
Candace,Block,1c013f6b-a0e8-4587-b663-0e6d41899aad,Trans Man,Sun May 02 2021 07:45:13 GMT-0400 (Eastern Daylight Time),68997 Bednar Manor,1590 Nikolaus Ports,94012-7195,167,85,0,1,1,23
Alexane,Langworth,f1c3a777-7cda-4310-a082-ab75d9cd6a1f,Trans,Thu Dec 10 2020 17:55:35 GMT-0500 (Eastern Standard Time),722 Conn Forks,8621 Waldo Springs,23470-1173,244,88,0,0,0,20
Rosemarie,Haag,9e8803df-749e-4b28-a4b5-6aa48b4a8e4c,Male to female transsexual woman,Wed Sep 30 2020 06:15:07 GMT-0400 (Eastern Daylight Time),8921 Leila Skyway,44937 Dietrich Tunnel,50108-1950,173,57,1,3,0,31
Earnestine,Bosco,20200118-ebd2-4853-8193-8433812b9285,Male to Female,Tue Jan 26 2021 05:39:24 GMT-0500 (Eastern Standard Time),10517 Spinka Avenue,4058 Greenfelder Cliff,74969,133,67,1,1,0,0
Celine,Friesen,2bb979bb-ac58-4774-9688-720b6e7561af,Intersex person,Thu Aug 05 2021 13:13:29 GMT-0400 (Eastern Daylight Time),516 Loy Square,37737 Katheryn Hollow,13172-7880,184,79,0,2,0,3
Lela,Veum,4f2fc1e7-673d-463b-99fe-999a831ea31b,Cisgender Male,Sun Apr 25 2021 00:29:29 GMT-0400 (Eastern Daylight Time),2722 Homenick Lake,07012 Barton Mission,91526,187,57,1,0,1,64
Ezequiel,Luettgen,2f9bad99-0890-4d9d-b951-1b1c96bb7552,Male to female transsexual woman,Sat Jul 10 2021 01:08:42 GMT-0400 (Eastern Daylight Time),98749 Giles Islands,889 O'Keefe Harbor,44964-6698,195,75,0,2,0,86
Lincoln,Bechtelar,0c135608-e5fe-4a22-a9fe-4d943e10ab3a,Transexual,Sun Jan 10 2021 20:33:49 GMT-0500 (Eastern Standard Time),5190 Williamson Ports,7861 Leannon Extensions,84040-0715,196,59,1,0,1,98
Marguerite,Champlin,d1be9073-56d2-48e2-88c4-14e659d35bb3,Trans,Fri Apr 23 2021 01:03:08 GMT-0400 (Eastern Daylight Time),040 Van Skyway,55929 Sheila Dam,26508,206,65,1,2,1,79
Blair,Wintheiser,eb10508c-55a0-4130-b9b2-3726eeb843b6,Cis Man,Sat Feb 20 2021 18:09:51 GMT-0500 (Eastern Standard Time),947 Schowalter Expressway,88835 Mante Trail,35920-1523,253,60,1,3,1,98
Sunny,Grimes,ee0424ef-a836-4c09-be14-527145c709c1,Cisgender,Sun Jan 10 2021 07:35:10 GMT-0500 (Eastern Standard Time),4294 Gregory Green,4947 Immanuel Views,72235-4040,127,69,1,4,0,76
Robyn,Emard,9740da7e-9063-4716-9c37-98cbaaac77f2,Woman,Wed Aug 25 2021 03:56:41 GMT-0400 (Eastern Daylight Time),82743 Beahan Alley,10622 Margie Streets,89792,164,63,1,0,1,26
